title:မြန်မာအောကားများ ၁,url:www.xnxx.es/search/myanmar?top,picture:JAV/luluaung.jpg,key:v
title:မြန်မာအောကားများ ၂,url:es.pornhub.com/video/search?search=myanmar,picture:JAV/sexy.jpg,key:v
title:မြန်မာအောကားများ ၃,url:www.xvideos2.com/?k=myanmar&top,picture:JAV/sexy.jpg,key:v
title:ဂျပန်JAVများ ၁,url:es.pornhub.com/video/search?search=jav,picture:JAV/5.png,key:v
title:ဂျပန်JAVများ ၂,url:www.xnxx.es/search/jav,picture:JAV/10.png,key:v
title:ဂျပန်Animeများ,url:es.pornhub.com/video/search?search=hentai+anime,picture:Anime/anime.jpeg,key:v
title:ဂျပန်JAVများ ၃,url:www.xvideos.com/?k=JAV,picture:JAV/23.jpeg,key:v
title:ဂျပန်JAVများ ၄,url:vjav.com/,picture:JAV/24.png,key:v
title:Best Asian ၁,url:www.xvideos2.com/?k=asian&top,picture:JAV/sexy.jpg,key:video
title:မြန်မာအောကားများ ၄,url:www.veochan.com/myanmar.html,picture:JAV/sexy.jpg,key:v
title ဂျပန်JAVများ ၅,url:javkiki.com/,picture:JAV/32.jpg,key:movie
title ဂျပန်JAVများ ၆,url:javhihi69.com/,picture:JAV/37.png,key:javhihi
title ဂျပန်JAVများ ၇,url:sextop.net/,picture:JAV/39.png,key:movies
